Email,Full Name,Role,Password
member@joininghands.org,Joining Hands Leader,SUPER_ADMINISTRATOR,demo1234
ramesh@joininghands.org,Dr. Ramesh Kumar,USER,demo1234
priya@joininghands.org,Priya Sharma,USER,demo1234
anil@joininghands.org,Anil Mehta,USER,demo1234
vikram@joininghands.org,Vikram Singh,USER,demo1234
sunita@joininghands.org,Sunita Rao,USER,demo1234
nagendra4011@gmail.com,nagendra,USER,demo1234
nagendra8660155@gmail.com,REVERSE HACK,USER,demo1234
nagendra866015@gmail.com,nagendra T,USER,demo1234
prod_test_1786641127478@joininghands.org,Production Audit Tester,USER,demo1234
feat_a_1786641153891@joininghands.org,Feature User Alpha,USER,demo1234
feat_b_1786641153891@joininghands.org,Feature User Beta,USER,demo1234
prod_test_1786643662433@joininghands.org,Production Audit Tester,USER,demo1234
feat_a_1786643688902@joininghands.org,Feature User Alpha,USER,demo1234
feat_b_1786643688902@joininghands.org,Feature User Beta,USER,demo1234
prod_test_1786644146326@joininghands.org,Production Audit Tester,USER,demo1234
rapido_test_1786644172430@joininghands.org,Rapido Tester,USER,demo1234
feat_a_1786644173202@joininghands.org,Feature User Alpha,USER,demo1234
feat_b_1786644173202@joininghands.org,Feature User Beta,USER,demo1234
prod_test_1786644767473@joininghands.org,Production Audit Tester,USER,demo1234
rapido_test_1786644793273@joininghands.org,Rapido Tester,USER,demo1234
feat_a_1786644793975@joininghands.org,Feature User Alpha,USER,demo1234
feat_b_1786644793975@joininghands.org,Feature User Beta,USER,demo1234
rapido_test_1786710106177@joininghands.org,Rapido Tester,USER,demo1234
rapido_test_1786711424956@joininghands.org,Rapido Tester,USER,demo1234
rapido_test_1786711586428@joininghands.org,Rapido Tester,USER,demo1234
rapido_test_1786711599012@joininghands.org,Rapido Tester,USER,demo1234
rapido_captain_1786711599533@joininghands.org,Captain Hero,USER,demo1234
debug_99999@joininghands.org,Rapido Tester,USER,demo1234
debug_1786711740995@joininghands.org,Rapido Tester,USER,demo1234
debug_1786711774308@joininghands.org,Rapido Tester,USER,demo1234
rapido_test_1786711779822@joininghands.org,Rapido Tester,USER,demo1234
rapido_captain_1786711780388@joininghands.org,Captain Hero,USER,demo1234
debug_1786711808077@joininghands.org,Rapido Tester,USER,demo1234
rapido_test_1786711814750@joininghands.org,Rapido Tester,USER,demo1234
rapido_captain_1786711815307@joininghands.org,Captain Hero,USER,demo1234
prod_test_1786715341068@joininghands.org,Production Audit Tester,USER,demo1234
rapido_test_1786715367517@joininghands.org,Rapido Tester,USER,demo1234
rapido_captain_1786715367961@joininghands.org,Captain Hero,USER,demo1234
feat_a_1786715369394@joininghands.org,Feature User Alpha,USER,demo1234
feat_b_1786715369394@joininghands.org,Feature User Beta,USER,demo1234
prod_test_1786715660695@joininghands.org,Production Audit Tester,USER,demo1234
rapido_test_1786715686274@joininghands.org,Rapido Tester,USER,demo1234
rapido_captain_1786715686867@joininghands.org,Captain Hero,USER,demo1234
feat_a_1786715687560@joininghands.org,Feature User Alpha,USER,demo1234
feat_b_1786715687560@joininghands.org,Feature User Beta,USER,demo1234
prod_test_1786766850775@joininghands.org,Production Audit Tester,USER,demo1234
rapido_test_1786766877272@joininghands.org,Rapido Tester,USER,demo1234
rapido_captain_1786766877914@joininghands.org,Captain Hero,USER,demo1234
feat_a_1786766878839@joininghands.org,Feature User Alpha,USER,demo1234
feat_b_1786766878839@joininghands.org,Feature User Beta,USER,demo1234
prod_test_1786770883196@joininghands.org,Production Audit Tester,USER,demo1234
rapido_test_1786770909142@joininghands.org,Rapido Tester,USER,demo1234
rapido_captain_1786770909811@joininghands.org,Captain Hero,USER,demo1234
feat_a_1786770910741@joininghands.org,Feature User Alpha,USER,demo1234
feat_b_1786770910741@joininghands.org,Feature User Beta,USER,demo1234
prod_test_1786773125400@joininghands.org,Production Audit Tester,USER,demo1234
rapido_test_1786773151279@joininghands.org,Rapido Tester,USER,demo1234
rapido_captain_1786773151739@joininghands.org,Captain Hero,USER,demo1234
feat_a_1786773152635@joininghands.org,Feature User Alpha,USER,demo1234
feat_b_1786773152635@joininghands.org,Feature User Beta,USER,demo1234
prod_test_1786806194767@joininghands.org,Production Audit Tester,USER,demo1234
rapido_test_1786806221131@joininghands.org,Rapido Tester,USER,demo1234
rapido_captain_1786806221661@joininghands.org,Captain Hero,USER,demo1234
feat_a_1786806222707@joininghands.org,Feature User Alpha,USER,demo1234
feat_b_1786806222707@joininghands.org,Feature User Beta,USER,demo1234
